{
	"credit": "Created by Stridey",
	"parent": "item/door",
	"textures": {
		"sides": "block/copper_door_sides",
		"handle": "block/copper_door_handle",
		"blank": "block/copper_door_blank",
		"particle": "block/copper_door_top",
		"top": "block/copper_door_top",
		"bottom": "block/copper_door_bottom",
		"wax": "item/waxed_copper_door_outline"
	},
	"elements": [
		{
			"from": [13, 15, 6.5],
			"to": [16, 31, 9.5],
			"rotation": {"angle": 0, "axis": "y", "origin": [8, 15, 8]},
			"faces": {
				"north": {"uv": [0, 0, 3, 16], "texture": "#top"},
				"east": {"uv": [0, 0, 3, 16], "texture": "#sides"},
				"south": {"uv": [3, 0, 0, 16], "texture": "#top"},
				"west": {"uv": [12, 0, 15, 16], "texture": "#sides"},
				"up": {"uv": [12, 13, 15, 16], "rotation": 270, "texture": "#sides"}
			}
		},
		{
			"from": [0, 15, 6.5],
			"to": [3, 31, 9.5],
			"rotation": {"angle": 0, "axis": "y", "origin": [8, 15, 8]},
			"faces": {
				"north": {"uv": [13, 0, 16, 16], "texture": "#top"},
				"east": {"uv": [12, 0, 15, 16], "texture": "#sides"},
				"south": {"uv": [16, 0, 13, 16], "texture": "#top"},
				"west": {"uv": [6, 0, 9, 16], "texture": "#sides"},
				"up": {"uv": [12, 0, 15, 3], "rotation": 270, "texture": "#sides"}
			}
		},
		{
			"from": [3, 28, 6.5],
			"to": [13, 31, 9.5],
			"rotation": {"angle": 0, "axis": "y", "origin": [8, 15, 8]},
			"faces": {
				"north": {"uv": [3, 0, 13, 3], "texture": "#top"},
				"south": {"uv": [13, 0, 3, 3], "texture": "#top"},
				"up": {"uv": [12, 3, 15, 13], "rotation": 270, "texture": "#sides"},
				"down": {"uv": [12, 3, 15, 13], "rotation": 270, "texture": "#sides"}
			}
		},
		{
			"from": [3, 15, 6.5],
			"to": [13, 18, 9.5],
			"rotation": {"angle": 0, "axis": "y", "origin": [8, 15, 8]},
			"faces": {
				"north": {"uv": [3, 13, 13, 16], "texture": "#top"},
				"south": {"uv": [13, 13, 3, 16], "texture": "#top"},
				"up": {"uv": [12, 3, 15, 13], "rotation": 270, "texture": "#sides"},
				"down": {"uv": [5, 15, 4, 16], "rotation": 270, "texture": "#top"}
			}
		},
		{
			"from": [3, 15, 6],
			"to": [5, 16, 10],
			"rotation": {"angle": 0, "axis": "y", "origin": [8, 15, 8]},
			"faces": {
				"north": {"uv": [11, 15, 13, 16], "texture": "#top"},
				"east": {"uv": [11, 15, 12, 16], "texture": "#top"},
				"south": {"uv": [13, 15, 11, 16], "texture": "#top"},
				"west": {"uv": [12, 15, 13, 16], "texture": "#top"},
				"up": {"uv": [11, 15, 13, 16], "rotation": 180, "texture": "#top"}
			}
		},
		{
			"from": [11, 26, 7.5],
			"to": [13, 28, 8.5],
			"rotation": {"angle": 0, "axis": "y", "origin": [8, 15, 8]},
			"faces": {
				"north": {"uv": [3, 3, 5, 5], "texture": "#top"},
				"south": {"uv": [5, 3, 3, 5], "texture": "#top"},
				"west": {"uv": [4, 3, 5, 5], "texture": "#top"},
				"down": {"uv": [3, 4, 5, 5], "rotation": 180, "texture": "#top"}
			}
		},
		{
			"from": [10, 25, 7.5],
			"to": [12, 27, 8.5],
			"rotation": {"angle": 0, "axis": "y", "origin": [8, 15, 8]},
			"faces": {
				"north": {"uv": [4, 4, 6, 6], "texture": "#top"},
				"east": {"uv": [4, 4, 5, 6], "texture": "#top"},
				"south": {"uv": [6, 4, 4, 6], "texture": "#top"},
				"west": {"uv": [5, 4, 6, 6], "texture": "#top"},
				"up": {"uv": [5, 4, 6, 5], "rotation": 90, "texture": "#top"},
				"down": {"uv": [4, 5, 6, 6], "rotation": 180, "texture": "#top"}
			}
		},
		{
			"from": [9, 24, 7.5],
			"to": [11, 26, 8.5],
			"rotation": {"angle": 0, "axis": "y", "origin": [8, 15, 8]},
			"faces": {
				"north": {"uv": [5, 5, 7, 7], "texture": "#top"},
				"east": {"uv": [5, 5, 6, 7], "texture": "#top"},
				"south": {"uv": [7, 5, 5, 7], "texture": "#top"},
				"west": {"uv": [6, 5, 7, 7], "texture": "#top"},
				"up": {"uv": [6, 5, 7, 6], "rotation": 90, "texture": "#top"},
				"down": {"uv": [5, 6, 7, 7], "rotation": 180, "texture": "#top"}
			}
		},
		{
			"from": [6, 21, 7.5],
			"to": [10, 25, 8.5],
			"rotation": {"angle": 0, "axis": "y", "origin": [8, 15, 8]},
			"faces": {
				"north": {"uv": [6, 6, 10, 10], "texture": "#top"},
				"east": {"uv": [6, 6, 7, 10], "texture": "#top"},
				"south": {"uv": [10, 6, 6, 10], "texture": "#top"},
				"west": {"uv": [9, 6, 10, 10], "texture": "#top"},
				"up": {"uv": [6, 6, 10, 7], "rotation": 180, "texture": "#top"},
				"down": {"uv": [6, 9, 10, 10], "texture": "#top"}
			}
		},
		{
			"from": [11, 18, 7.5],
			"to": [13, 20, 8.5],
			"rotation": {"angle": 0, "axis": "y", "origin": [8, 15, 8]},
			"faces": {
				"north": {"uv": [3, 11, 5, 13], "texture": "#top"},
				"south": {"uv": [5, 11, 3, 13], "texture": "#top"},
				"west": {"uv": [10, 5, 11, 7], "texture": "#top"},
				"up": {"uv": [3, 11, 4, 12], "rotation": 90, "texture": "#top"}
			}
		},
		{
			"from": [10, 19, 7.5],
			"to": [12, 21, 8.5],
			"rotation": {"angle": 0, "axis": "y", "origin": [8, 15, 8]},
			"faces": {
				"north": {"uv": [4, 10, 6, 12], "texture": "#top"},
				"east": {"uv": [4, 10, 5, 12], "texture": "#top"},
				"south": {"uv": [6, 10, 4, 12], "texture": "#top"},
				"west": {"uv": [11, 4, 12, 6], "texture": "#top"},
				"up": {"uv": [4, 10, 5, 11], "rotation": 90, "texture": "#top"},
				"down": {"uv": [10, 5, 12, 6], "rotation": 180, "texture": "#top"}
			}
		},
		{
			"from": [4, 19, 7.5],
			"to": [6, 21, 8.5],
			"rotation": {"angle": 0, "axis": "y", "origin": [8, 15, 8]},
			"faces": {
				"north": {"uv": [10, 10, 12, 12], "texture": "#top"},
				"east": {"uv": [10, 10, 11, 12], "texture": "#top"},
				"south": {"uv": [12, 10, 10, 12], "texture": "#top"},
				"west": {"uv": [5, 4, 6, 6], "texture": "#top"},
				"up": {"uv": [11, 10, 12, 11], "rotation": 90, "texture": "#top"},
				"down": {"uv": [4, 5, 6, 6], "rotation": 180, "texture": "#top"}
			}
		},
		{
			"from": [5, 20, 7.5],
			"to": [7, 22, 8.5],
			"rotation": {"angle": 0, "axis": "y", "origin": [8, 15, 8]},
			"faces": {
				"north": {"uv": [9, 9, 11, 11], "texture": "#top"},
				"east": {"uv": [9, 9, 10, 11], "texture": "#top"},
				"south": {"uv": [11, 9, 9, 11], "texture": "#top"},
				"west": {"uv": [4, 3, 5, 5], "texture": "#top"},
				"up": {"uv": [10, 9, 11, 10], "rotation": 90, "texture": "#top"},
				"down": {"uv": [3, 4, 5, 5], "rotation": 180, "texture": "#top"}
			}
		},
		{
			"from": [3, 18, 7.5],
			"to": [5, 20, 8.5],
			"rotation": {"angle": 0, "axis": "y", "origin": [8, 15, 8]},
			"faces": {
				"north": {"uv": [11, 11, 13, 13], "texture": "#top"},
				"east": {"uv": [11, 11, 12, 13], "texture": "#top"},
				"south": {"uv": [13, 11, 11, 13], "texture": "#top"},
				"up": {"uv": [12, 11, 13, 12], "rotation": 90, "texture": "#top"}
			}
		},
		{
			"from": [5, 24, 7.5],
			"to": [7, 26, 8.5],
			"rotation": {"angle": 0, "axis": "y", "origin": [8, 15, 8]},
			"faces": {
				"north": {"uv": [9, 5, 11, 7], "texture": "#top"},
				"east": {"uv": [9, 5, 10, 7], "texture": "#top"},
				"south": {"uv": [11, 5, 9, 7], "texture": "#top"},
				"west": {"uv": [10, 5, 11, 7], "texture": "#top"},
				"up": {"uv": [9, 5, 10, 6], "rotation": 90, "texture": "#top"},
				"down": {"uv": [9, 6, 11, 7], "rotation": 180, "texture": "#top"}
			}
		},
		{
			"from": [4, 25, 7.5],
			"to": [6, 27, 8.5],
			"rotation": {"angle": 0, "axis": "y", "origin": [8, 15, 8]},
			"faces": {
				"north": {"uv": [10, 4, 12, 6], "texture": "#top"},
				"east": {"uv": [10, 4, 11, 6], "texture": "#top"},
				"south": {"uv": [12, 4, 10, 6], "texture": "#top"},
				"west": {"uv": [11, 4, 12, 6], "texture": "#top"},
				"up": {"uv": [10, 4, 11, 5], "rotation": 90, "texture": "#top"},
				"down": {"uv": [10, 5, 12, 6], "rotation": 180, "texture": "#top"}
			}
		},
		{
			"from": [3, 26, 7.5],
			"to": [5, 28, 8.5],
			"rotation": {"angle": 0, "axis": "y", "origin": [8, 15, 8]},
			"faces": {
				"north": {"uv": [11, 3, 13, 5], "texture": "#top"},
				"east": {"uv": [11, 3, 12, 5], "texture": "#top"},
				"south": {"uv": [13, 3, 11, 5], "texture": "#top"},
				"down": {"uv": [11, 4, 13, 5], "rotation": 180, "texture": "#top"}
			}
		},
		{
			"from": [9, 20, 7.5],
			"to": [11, 22, 8.5],
			"rotation": {"angle": 0, "axis": "y", "origin": [8, 15, 8]},
			"faces": {
				"north": {"uv": [5, 9, 7, 11], "texture": "#top"},
				"east": {"uv": [5, 9, 6, 11], "texture": "#top"},
				"south": {"uv": [7, 9, 5, 11], "texture": "#top"},
				"west": {"uv": [12, 3, 13, 5], "texture": "#top"},
				"up": {"uv": [5, 9, 6, 10], "rotation": 90, "texture": "#top"},
				"down": {"uv": [11, 4, 13, 5], "rotation": 180, "texture": "#top"}
			}
		},
		{
			"from": [13, -1, 6.5],
			"to": [16, 15, 9.5],
			"rotation": {"angle": 0, "axis": "y", "origin": [8, 15, 8]},
			"faces": {
				"north": {"uv": [0, 0, 3, 16], "texture": "#bottom"},
				"east": {"uv": [3, 0, 6, 16], "texture": "#sides"},
				"south": {"uv": [3, 0, 0, 16], "texture": "#bottom"},
				"west": {"uv": [2, 0, 3, 16], "texture": "#bottom"},
				"down": {"uv": [12, 13, 15, 16], "rotation": 270, "texture": "#sides"}
			}
		},
		{
			"from": [3, -1, 6.5],
			"to": [13, 2, 9.5],
			"rotation": {"angle": 0, "axis": "y", "origin": [8, 15, 8]},
			"faces": {
				"north": {"uv": [3, 13, 13, 16], "texture": "#bottom"},
				"south": {"uv": [13, 13, 3, 16], "texture": "#bottom"},
				"up": {"uv": [3, 13, 13, 14], "rotation": 180, "texture": "#bottom"},
				"down": {"uv": [12, 3, 15, 13], "rotation": 270, "texture": "#sides"}
			}
		},
		{
			"from": [3, 2, 7.5],
			"to": [13, 15, 8.5],
			"rotation": {"angle": 0, "axis": "y", "origin": [8, 15, 8]},
			"faces": {
				"north": {"uv": [3, 0, 13, 13], "texture": "#blank"},
				"south": {"uv": [13, 0, 3, 13], "texture": "#blank"}
			}
		},
		{
			"from": [11, 13, 6.5],
			"to": [13, 15, 9.5],
			"rotation": {"angle": 0, "axis": "y", "origin": [8, 15, 8]},
			"faces": {
				"north": {"uv": [3, 0, 5, 2], "texture": "#bottom"},
				"south": {"uv": [5, 0, 3, 2], "texture": "#bottom"},
				"west": {"uv": [5, 0, 4, 2], "texture": "#bottom"},
				"down": {"uv": [3, 1, 5, 2], "rotation": 180, "texture": "#bottom"}
			}
		},
		{
			"from": [3, 13, 6.5],
			"to": [5, 14, 9.5],
			"rotation": {"angle": 0, "axis": "y", "origin": [8, 15, 8]},
			"faces": {
				"north": {"uv": [12, 1, 13, 2], "texture": "#bottom"},
				"south": {"uv": [12, 1, 13, 2], "texture": "#bottom"},
				"down": {"uv": [12, 1, 13, 2], "rotation": 270, "texture": "#bottom"}
			}
		},
		{
			"from": [0, -1, 6.5],
			"to": [3, 15, 9.5],
			"rotation": {"angle": 0, "axis": "y", "origin": [8, 15, 8]},
			"faces": {
				"north": {"uv": [13, 0, 16, 16], "texture": "#bottom"},
				"east": {"uv": [13, 0, 14, 16], "texture": "#blank"},
				"south": {"uv": [16, 0, 13, 16], "texture": "#bottom"},
				"west": {"uv": [9, 0, 12, 16], "texture": "#sides"},
				"down": {"uv": [12, 0, 15, 3], "rotation": 270, "texture": "#sides"}
			}
		},
		{
			"from": [2, 9, 6],
			"to": [6, 11, 10],
			"rotation": {"angle": 0, "axis": "y", "origin": [8, 15, 8]},
			"faces": {
				"north": {"uv": [10, 4, 14, 6], "texture": "#bottom"},
				"east": {"uv": [8, 6, 16, 8], "texture": "#handle"},
				"south": {"uv": [14, 4, 10, 6], "texture": "#bottom"},
				"west": {"uv": [13, 4, 14, 6], "texture": "#bottom"},
				"up": {"uv": [16, 3, 8, 4], "rotation": 90, "texture": "#handle"},
				"down": {"uv": [8, 7, 16, 8], "rotation": 270, "texture": "#handle"}
			}
		},
		{
			"from": [5, 11, 6],
			"to": [6, 14, 10],
			"rotation": {"angle": 0, "axis": "y", "origin": [8, 15, 8]},
			"faces": {
				"north": {"uv": [10, 1, 11, 4], "texture": "#bottom"},
				"east": {"uv": [0, 6, 8, 9], "texture": "#handle"},
				"south": {"uv": [10, 1, 11, 4], "texture": "#bottom"},
				"west": {"uv": [0, 6, 8, 9], "texture": "#handle"},
				"up": {"uv": [8, 0, 16, 1], "rotation": 90, "texture": "#handle"}
			}
		},
		{
			"from": [2, 11, 6],
			"to": [3, 14, 10],
			"rotation": {"angle": 0, "axis": "y", "origin": [8, 15, 8]},
			"faces": {
				"north": {"uv": [13, 1, 14, 4], "texture": "#bottom"},
				"east": {"uv": [0, 6, 8, 9], "texture": "#handle"},
				"south": {"uv": [13, 1, 14, 4], "texture": "#bottom"},
				"west": {"uv": [13, 1, 14, 4], "texture": "#bottom"},
				"up": {"uv": [13, 1, 14, 2], "rotation": 90, "texture": "#bottom"}
			}
		},
		{
			"from": [3, 14, 6],
			"to": [5, 15, 10],
			"rotation": {"angle": 0, "axis": "y", "origin": [8, 15, 8]},
			"faces": {
				"north": {"uv": [11, 0, 13, 1], "texture": "#bottom"},
				"east": {"uv": [8, 1, 16, 2], "texture": "#handle"},
				"south": {"uv": [11, 0, 13, 1], "texture": "#bottom"},
				"west": {"uv": [11, 0, 13, 1], "texture": "#bottom"},
				"down": {"uv": [11, 0, 13, 1], "rotation": 270, "texture": "#bottom"}
			}
		},
		{
			"name": "wax",
			"from": [-0.01, -1.01, 6.49],
			"to": [16.01, 31.01, 9.51],
			"rotation": {"angle": 0, "axis": "y", "origin": [0, -1, 6.5]},
			"faces": {
				"north": {"uv": [0, 0, 8, 16], "texture": "#wax"},
				"east": {"uv": [8, 0, 9.5, 16], "texture": "#wax"},
				"south": {"uv": [0, 0, 8, 16], "texture": "#wax"},
				"west": {"uv": [8, 0, 9.5, 16], "texture": "#wax"},
				"up": {"uv": [9.5, 0, 11, 8], "rotation": 90, "texture": "#wax"},
				"down": {"uv": [9.5, 0, 11, 8], "rotation": 90, "texture": "#wax"}
			}
		}
	],
	"gui_light": "front",
	"display": {
		"thirdperson_righthand": {
			"rotation": [0, -90, 0],
			"translation": [-1.5, -6.25, 2.75],
			"scale": [0.6, 0.6, 0.5]
		},
		"firstperson_righthand": {
			"rotation": [0, 125, 0],
			"translation": [0, -1.75, 0],
			"scale": [0.4, 0.4, 0.4]
		},
		"ground": {
			"translation": [0, 2.75, 0],
			"scale": [0.2, 0.2, 0.2]
		},
		"gui": {
			"rotation": [15, -135, 0],
			"translation": [0, -3, 0],
			"scale": [0.45, 0.45, 0.45]
		},
		"head": {
			"translation": [0, 1, 0]
		},
		"fixed": {
			"translation": [0, -2.75, -0.5],
			"scale": [0.4, 0.4, 0.4]
		}
	},
	"groups": [
		{
			"name": "top",
			"origin": [1.5, 23.5, 8],
			"color": 0,
			"children": [0, 1, 2, 3, 4, 5, 6, 7, 8, 9, 10, 11, 12, 13, 14, 15, 16, 17]
		},
		{
			"name": "bottom",
			"origin": [0, 0, 0],
			"color": 0,
			"children": [18, 19, 20, 21, 22, 23, 24, 25, 26, 27]
		},
		28
	]
}