{
	"credit": "Created by Stridey",
	"parent": "item/trapdoor",
	"textures": {
		"particle": "item/waxed_copper_trapdoor",
		"front": "item/waxed_copper_trapdoor",
		"sides": "item/waxed_copper_trapdoor_side",
		"sides_inner": "block/copper_door_sides"
	},
	"elements": [
		{
			"from": [0, 0, 0],
			"to": [16, 3, 3],
			"faces": {
				"north": {"uv": [16, 0, 0, 3], "texture": "#sides"},
				"east": {"uv": [13, 0, 16, 3], "texture": "#sides"},
				"south": {"uv": [12, 16, 15, 0], "rotation": 90, "texture": "#sides_inner"},
				"west": {"uv": [0, 0, 3, 3], "texture": "#sides"},
				"up": {"uv": [0, 13, 16, 16], "rotation": 180, "texture": "#front"},
				"down": {"uv": [0, 13, 16, 16], "texture": "#front"}
			}
		},
		{
			"from": [0, 0, 13],
			"to": [16, 3, 16],
			"faces": {
				"north": {"uv": [12, 16, 15, 0], "rotation": 90, "texture": "#sides_inner"},
				"east": {"uv": [0, 0, 3, 3], "texture": "#sides"},
				"south": {"uv": [16, 0, 0, 3], "texture": "#sides"},
				"west": {"uv": [13, 0, 16, 3], "texture": "#sides"},
				"up": {"uv": [0, 0, 16, 3], "rotation": 180, "texture": "#front"},
				"down": {"uv": [0, 0, 16, 3], "texture": "#front"}
			}
		},
		{
			"from": [13, 0, 3],
			"to": [16, 3, 13],
			"faces": {
				"east": {"uv": [3, 0, 13, 3], "texture": "#sides"},
				"west": {"uv": [12, 13, 15, 3], "rotation": 90, "texture": "#sides_inner"},
				"up": {"uv": [0, 3, 3, 13], "rotation": 180, "texture": "#front"},
				"down": {"uv": [13, 3, 16, 13], "texture": "#front"}
			}
		},
		{
			"from": [10, 1, 10],
			"to": [12, 2, 12],
			"faces": {
				"north": {"uv": [4, 5, 6, 6], "texture": "#front"},
				"east": {"uv": [4, 5, 5, 6], "rotation": 180, "texture": "#front"},
				"south": {"uv": [5, 4, 6, 5], "rotation": 180, "texture": "#front"},
				"west": {"uv": [5, 4, 6, 6], "rotation": 90, "texture": "#front"},
				"up": {"uv": [4, 4, 6, 6], "rotation": 180, "texture": "#front"},
				"down": {"uv": [10, 4, 12, 6], "texture": "#front"}
			}
		},
		{
			"from": [4, 1, 10],
			"to": [6, 2, 12],
			"faces": {
				"north": {"uv": [11, 5, 12, 6], "rotation": 180, "texture": "#front"},
				"east": {"uv": [10, 4, 11, 5], "rotation": 180, "texture": "#front"},
				"south": {"uv": [10, 4, 11, 5], "rotation": 180, "texture": "#front"},
				"west": {"uv": [11, 5, 12, 6], "rotation": 180, "texture": "#front"},
				"up": {"uv": [10, 4, 12, 6], "rotation": 180, "texture": "#front"},
				"down": {"uv": [4, 4, 6, 6], "texture": "#front"}
			}
		},
		{
			"from": [9, 1, 9],
			"to": [11, 2, 11],
			"faces": {
				"north": {"uv": [4, 5, 6, 6], "texture": "#front"},
				"east": {"uv": [4, 5, 5, 6], "rotation": 180, "texture": "#front"},
				"south": {"uv": [4, 4, 6, 5], "rotation": 180, "texture": "#front"},
				"west": {"uv": [6, 5, 7, 7], "rotation": 90, "texture": "#front"},
				"up": {"uv": [5, 5, 7, 7], "rotation": 180, "texture": "#front"},
				"down": {"uv": [9, 5, 11, 7], "texture": "#front"}
			}
		},
		{
			"from": [5, 1, 9],
			"to": [7, 2, 11],
			"faces": {
				"north": {"uv": [10, 6, 11, 7], "rotation": 180, "texture": "#front"},
				"east": {"uv": [9, 5, 10, 6], "rotation": 180, "texture": "#front"},
				"south": {"uv": [9, 5, 10, 6], "rotation": 180, "texture": "#front"},
				"west": {"uv": [10, 6, 11, 7], "rotation": 180, "texture": "#front"},
				"up": {"uv": [9, 5, 11, 7], "rotation": 180, "texture": "#front"},
				"down": {"uv": [5, 5, 7, 7], "texture": "#front"}
			}
		},
		{
			"from": [5, 1, 5],
			"to": [7, 2, 7],
			"faces": {
				"north": {"uv": [10, 6, 11, 7], "rotation": 180, "texture": "#front"},
				"east": {"uv": [9, 10, 10, 11], "rotation": 180, "texture": "#front"},
				"south": {"uv": [10, 9, 11, 10], "rotation": 180, "texture": "#front"},
				"west": {"uv": [10, 9, 11, 10], "rotation": 180, "texture": "#front"},
				"up": {"uv": [9, 9, 11, 11], "rotation": 180, "texture": "#front"},
				"down": {"uv": [5, 9, 7, 11], "texture": "#front"}
			}
		},
		{
			"from": [9, 1, 5],
			"to": [11, 2, 7],
			"faces": {
				"north": {"uv": [6, 10, 7, 11], "rotation": 180, "texture": "#front"},
				"east": {"uv": [5, 9, 6, 10], "rotation": 180, "texture": "#front"},
				"south": {"uv": [5, 9, 6, 10], "rotation": 180, "texture": "#front"},
				"west": {"uv": [6, 10, 7, 11], "rotation": 180, "texture": "#front"},
				"up": {"uv": [5, 9, 7, 11], "rotation": 180, "texture": "#front"},
				"down": {"uv": [9, 9, 11, 11], "texture": "#front"}
			}
		},
		{
			"from": [10, 1, 4],
			"to": [12, 2, 6],
			"faces": {
				"north": {"uv": [5, 11, 6, 12], "rotation": 180, "texture": "#front"},
				"east": {"uv": [4, 10, 5, 11], "rotation": 180, "texture": "#front"},
				"south": {"uv": [4, 10, 5, 11], "rotation": 180, "texture": "#front"},
				"west": {"uv": [5, 11, 6, 12], "rotation": 180, "texture": "#front"},
				"up": {"uv": [4, 10, 6, 12], "rotation": 180, "texture": "#front"},
				"down": {"uv": [10, 10, 12, 12], "texture": "#front"}
			}
		},
		{
			"from": [4, 1, 4],
			"to": [6, 2, 6],
			"faces": {
				"north": {"uv": [10, 6, 11, 7], "rotation": 180, "texture": "#front"},
				"east": {"uv": [9, 10, 10, 11], "rotation": 180, "texture": "#front"},
				"south": {"uv": [11, 10, 12, 11], "texture": "#front"},
				"west": {"uv": [11, 10, 12, 11], "texture": "#front"},
				"up": {"uv": [10, 10, 12, 12], "rotation": 180, "texture": "#front"},
				"down": {"uv": [4, 10, 6, 12], "texture": "#front"}
			}
		},
		{
			"from": [9, 1, 6],
			"to": [10, 2, 10],
			"faces": {
				"east": {"uv": [6, 6, 7, 10], "rotation": 270, "texture": "#front"},
				"west": {"uv": [6, 6, 7, 10], "rotation": 90, "texture": "#front"},
				"up": {"uv": [6, 6, 7, 10], "rotation": 180, "texture": "#front"},
				"down": {"uv": [9, 6, 10, 10], "texture": "#front"}
			}
		},
		{
			"from": [7, 1, 9],
			"to": [9, 2, 10],
			"faces": {
				"north": {"uv": [7, 6, 9, 7], "texture": "#front"},
				"south": {"uv": [7, 6, 9, 7], "rotation": 180, "texture": "#front"},
				"up": {"uv": [7, 6, 9, 7], "rotation": 180, "texture": "#front"},
				"down": {"uv": [7, 6, 9, 7], "texture": "#front"}
			}
		},
		{
			"from": [7, 1, 6],
			"to": [9, 2, 7],
			"faces": {
				"north": {"uv": [7, 9, 9, 10], "rotation": 180, "texture": "#front"},
				"south": {"uv": [7, 9, 9, 10], "rotation": 180, "texture": "#front"},
				"up": {"uv": [7, 9, 9, 10], "rotation": 180, "texture": "#front"},
				"down": {"uv": [7, 9, 9, 10], "rotation": 180, "texture": "#front"}
			}
		},
		{
			"from": [6, 1, 6],
			"to": [7, 2, 10],
			"faces": {
				"east": {"uv": [4, 5, 5, 6], "rotation": 180, "texture": "#front"},
				"west": {"uv": [5, 4, 6, 6], "rotation": 90, "texture": "#front"},
				"up": {"uv": [9, 6, 10, 10], "rotation": 180, "texture": "#front"},
				"down": {"uv": [6, 6, 7, 10], "texture": "#front"}
			}
		},
		{
			"from": [3, 0, 11],
			"to": [5, 3, 13],
			"faces": {
				"north": {"uv": [12, 5, 15, 3], "rotation": 90, "texture": "#sides_inner"},
				"east": {"uv": [12, 5, 15, 3], "rotation": 90, "texture": "#sides_inner"},
				"up": {"uv": [11, 3, 13, 5], "rotation": 180, "texture": "#front"},
				"down": {"uv": [3, 3, 5, 5], "texture": "#front"}
			}
		},
		{
			"from": [3, 0, 3],
			"to": [5, 3, 5],
			"faces": {
				"east": {"uv": [12, 5, 15, 3], "rotation": 90, "texture": "#sides_inner"},
				"south": {"uv": [12, 5, 15, 3], "rotation": 90, "texture": "#sides_inner"},
				"up": {"uv": [11, 11, 13, 13], "rotation": 180, "texture": "#front"},
				"down": {"uv": [3, 11, 5, 13], "texture": "#front"}
			}
		},
		{
			"from": [11, 0, 3],
			"to": [13, 3, 5],
			"faces": {
				"south": {"uv": [12, 5, 15, 3], "rotation": 90, "texture": "#sides_inner"},
				"west": {"uv": [12, 5, 15, 3], "rotation": 90, "texture": "#sides_inner"},
				"up": {"uv": [3, 11, 5, 13], "rotation": 180, "texture": "#front"},
				"down": {"uv": [11, 11, 13, 13], "texture": "#front"}
			}
		},
		{
			"from": [11, 0, 11],
			"to": [13, 3, 13],
			"faces": {
				"north": {"uv": [12, 5, 15, 3], "rotation": 90, "texture": "#sides_inner"},
				"west": {"uv": [12, 5, 15, 3], "rotation": 90, "texture": "#sides_inner"},
				"up": {"uv": [3, 3, 5, 5], "rotation": 180, "texture": "#front"},
				"down": {"uv": [11, 11, 13, 13], "texture": "#front"}
			}
		},
		{
			"from": [0, 0, 3],
			"to": [3, 3, 13],
			"faces": {
				"east": {"uv": [12, 13, 15, 3], "rotation": 90, "texture": "#sides_inner"},
				"west": {"uv": [3, 0, 13, 3], "texture": "#sides"},
				"up": {"uv": [13, 3, 16, 13], "rotation": 180, "texture": "#front"},
				"down": {"uv": [0, 3, 3, 13], "texture": "#front"}
			}
		}
	]
}