{
	"credit": "by Nester",
	"texture_size": [32, 32],
	"textures": {
		"0": "item/mace_3d",
		"particle": "item/mace_3d"
	},
	"elements": [
		{
			"from": [4, 16, 4],
			"to": [12, 24, 12],
			"rotation": {"angle": 0, "axis": "y", "origin": [4, 0, 4]},
			"faces": {
				"north": {"uv": [8, 4, 12, 8], "texture": "#0"},
				"east": {"uv": [8, 4, 12, 8], "texture": "#0"},
				"south": {"uv": [8, 4, 12, 8], "texture": "#0"},
				"west": {"uv": [8, 4, 12, 8], "texture": "#0"},
				"up": {"uv": [8, 0, 12, 4], "texture": "#0"},
				"down": {"uv": [12, 0, 16, 4], "texture": "#0"}
			}
		},
		{
			"from": [7, 0, 7],
			"to": [9, 16, 9],
			"rotation": {"angle": 0, "axis": "y", "origin": [7, 0, 7]},
			"faces": {
				"north": {"uv": [5.25, 10.25, 6, 16], "texture": "#0"},
				"east": {"uv": [6.75, 10.25, 7.5, 16], "texture": "#0"},
				"south": {"uv": [4.5, 10.25, 5.25, 16], "texture": "#0"},
				"west": {"uv": [6, 10.25, 6.75, 16], "texture": "#0"},
				"up": {"uv": [0, 0, 1, 1], "texture": "#0"},
				"down": {"uv": [0, 0, 1, 1], "texture": "#0"}
			}
		},
		{
			"from": [6.9, 25.0981, 6.8894],
			"to": [9.1, 27.2981, 9.0894],
			"rotation": {"angle": 45, "axis": "x", "origin": [7, 25.4, 6.1]},
			"faces": {
				"north": {"uv": [6.5, 5, 8, 6.5], "texture": "#0"},
				"east": {"uv": [6.5, 6.5, 7.975, 8], "texture": "#0"},
				"south": {"uv": [5, 6.5, 6.5, 8], "texture": "#0"},
				"west": {"uv": [3.5, 6.5, 4.975, 8], "texture": "#0"},
				"up": {"uv": [5, 5, 6.5, 6.475], "texture": "#0"},
				"down": {"uv": [6.5, 3.5, 8, 5], "texture": "#0"}
			}
		},
		{
			"from": [6.5, -3, 8],
			"to": [9.5, 0, 11],
			"rotation": {"angle": -45, "axis": "x", "origin": [7, -3, 8]},
			"faces": {
				"north": {"uv": [0, 0, 1.5, 1.5], "texture": "#0"},
				"east": {"uv": [0, 1.5, 1.5, 3], "texture": "#0"},
				"south": {"uv": [1.5, 0, 3, 1.5], "texture": "#0"},
				"west": {"uv": [1.5, 1.5, 3, 3], "texture": "#0"},
				"up": {"uv": [0, 3, 1.5, 4.5], "rotation": 180, "texture": "#0"},
				"down": {"uv": [3, 0, 4.5, 1.5], "rotation": 270, "texture": "#0"}
			}
		}
	],
	"display": {
		"thirdperson_righthand": {
			"rotation": [0, 20, 0],
			"translation": [0, 0, 1.25],
			"scale": [0.8, 0.8, 0.8]
		},
		"thirdperson_lefthand": {
			"rotation": [0, 20, 0],
			"translation": [0, 0, 1.25],
			"scale": [0.8, 0.8, 0.8]
		},
		"firstperson_righthand": {
			"rotation": [0, 19.25, 0],
			"translation": [1.25, -1.5, -1.25],
			"scale": [0.8, 0.8, 0.8]
		},
		"firstperson_lefthand": {
			"rotation": [0, 19.25, 0],
			"translation": [1.25, -1.5, -1.25],
			"scale": [0.8, 0.8, 0.8]
		},
		"ground": {
			"rotation": [0, 0, -90],
			"translation": [0, 0.5, 0],
			"scale": [0.7, 0.7, 0.7]
		},
		"gui": {
			"rotation": [107.35, 48.06, -78.52],
			"translation": [-2, -2, 0],
			"scale": [0.6, 0.6, 0.6]
		},
		"fixed": {
			"rotation": [90, 45.5, -90],
			"translation": [-2.25, -2, -0.5],
			"scale": [0.9, 0.9, 0.9]
		}
	}
}