{"parent": "block/crop", "ambientocclusion": false, "textures": {"particle": "block/nether_wart_stage2", "crop": "block/nether_wart_stage2"}, "elements": [{"from": [10, 0, 2], "to": [14, 11, 6], "rotation": {"angle": 0, "axis": "y", "origin": [8, 9, 8]}, "faces": {"north": {"uv": [10, 5, 14, 16], "texture": "#crop"}, "east": {"uv": [10, 5, 14, 16], "texture": "#crop"}, "south": {"uv": [10, 5, 14, 16], "texture": "#crop"}, "west": {"uv": [10, 5, 14, 16], "texture": "#crop"}}}, {"from": [10, 5, 1], "to": [14, 11, 2], "rotation": {"angle": 0, "axis": "y", "origin": [8, 9, 8]}, "faces": {"north": {"uv": [10, 5, 14, 11], "texture": "#crop"}, "east": {"uv": [10, 5, 11, 11], "texture": "#crop"}, "west": {"uv": [13, 5, 14, 11], "texture": "#crop"}, "up": {"uv": [10, 5, 14, 6], "rotation": 180, "texture": "#crop"}, "down": {"uv": [10, 10, 14, 11], "rotation": 180, "texture": "#crop"}}}, {"from": [9, 5, 2], "to": [10, 11, 6], "rotation": {"angle": 0, "axis": "y", "origin": [16, 9, 8]}, "faces": {"north": {"uv": [10, 5, 11, 11], "texture": "#crop"}, "south": {"uv": [13, 5, 14, 11], "texture": "#crop"}, "west": {"uv": [10, 5, 14, 11], "texture": "#crop"}, "up": {"uv": [10, 5, 14, 6], "rotation": 90, "texture": "#crop"}, "down": {"uv": [10, 10, 14, 11], "rotation": 270, "texture": "#crop"}}}, {"from": [10, 5, 6], "to": [14, 11, 7], "rotation": {"angle": 0, "axis": "y", "origin": [16, 9, 0]}, "faces": {"east": {"uv": [13, 5, 14, 11], "texture": "#crop"}, "south": {"uv": [10, 5, 14, 11], "texture": "#crop"}, "west": {"uv": [10, 5, 11, 11], "texture": "#crop"}, "up": {"uv": [10, 5, 14, 6], "texture": "#crop"}, "down": {"uv": [10, 10, 14, 11], "texture": "#crop"}}}, {"from": [14, 5, 2], "to": [15, 11, 6], "rotation": {"angle": 0, "axis": "y", "origin": [8, 9, 0]}, "faces": {"north": {"uv": [13, 5, 14, 11], "texture": "#crop"}, "east": {"uv": [10, 5, 14, 11], "texture": "#crop"}, "south": {"uv": [10, 5, 11, 11], "texture": "#crop"}, "up": {"uv": [10, 5, 14, 6], "rotation": 270, "texture": "#crop"}, "down": {"uv": [10, 10, 14, 11], "rotation": 90, "texture": "#crop"}}}, {"from": [9, 6, 1], "to": [10, 10, 2], "rotation": {"angle": 0, "axis": "y", "origin": [8, 9, 8]}, "faces": {"north": {"uv": [14, 6, 15, 10], "texture": "#crop"}, "west": {"uv": [14, 6, 15, 10], "texture": "#crop"}, "up": {"uv": [14, 6, 15, 7], "rotation": 270, "texture": "#crop"}, "down": {"uv": [14, 9, 15, 10], "rotation": 90, "texture": "#crop"}}}, {"from": [9, 6, 6], "to": [10, 10, 7], "rotation": {"angle": 0, "axis": "y", "origin": [16, 9, 8]}, "faces": {"south": {"uv": [14, 6, 15, 10], "texture": "#crop"}, "west": {"uv": [14, 6, 15, 10], "texture": "#crop"}, "up": {"uv": [14, 6, 15, 7], "rotation": 180, "texture": "#crop"}, "down": {"uv": [14, 9, 15, 10], "rotation": 180, "texture": "#crop"}}}, {"from": [14, 6, 6], "to": [15, 10, 7], "rotation": {"angle": 0, "axis": "y", "origin": [16, 9, 0]}, "faces": {"east": {"uv": [14, 6, 15, 10], "texture": "#crop"}, "south": {"uv": [14, 6, 15, 10], "texture": "#crop"}, "up": {"uv": [14, 6, 15, 7], "rotation": 90, "texture": "#crop"}, "down": {"uv": [14, 9, 15, 10], "rotation": 270, "texture": "#crop"}}}, {"from": [14, 6, 1], "to": [15, 10, 2], "rotation": {"angle": 0, "axis": "y", "origin": [8, 9, 0]}, "faces": {"north": {"uv": [14, 6, 15, 10], "texture": "#crop"}, "east": {"uv": [14, 6, 15, 10], "texture": "#crop"}, "up": {"uv": [14, 6, 15, 7], "texture": "#crop"}, "down": {"uv": [14, 9, 15, 10], "texture": "#crop"}}}, {"from": [10, 7, 0], "to": [14, 10, 1], "rotation": {"angle": 0, "axis": "y", "origin": [8, 9, 8]}, "faces": {"north": {"uv": [10, 6, 14, 9], "texture": "#crop", "cullface": "north"}, "east": {"uv": [10, 6, 11, 9], "texture": "#crop"}, "west": {"uv": [13, 6, 14, 9], "texture": "#crop"}, "up": {"uv": [10, 6, 14, 7], "rotation": 180, "texture": "#crop"}, "down": {"uv": [10, 8, 14, 9], "rotation": 180, "texture": "#crop"}}}, {"from": [8, 7, 2], "to": [9, 10, 6], "rotation": {"angle": 0, "axis": "y", "origin": [16, 9, 8]}, "faces": {"north": {"uv": [10, 6, 11, 9], "texture": "#crop"}, "south": {"uv": [13, 6, 14, 9], "texture": "#crop"}, "west": {"uv": [10, 6, 14, 9], "texture": "#crop"}, "up": {"uv": [10, 6, 14, 7], "rotation": 90, "texture": "#crop"}, "down": {"uv": [10, 8, 14, 9], "rotation": 270, "texture": "#crop"}}}, {"from": [10, 7, 7], "to": [14, 10, 8], "rotation": {"angle": 0, "axis": "y", "origin": [16, 9, 0]}, "faces": {"east": {"uv": [13, 6, 14, 9], "texture": "#crop"}, "south": {"uv": [10, 6, 14, 9], "texture": "#crop"}, "west": {"uv": [10, 6, 11, 9], "texture": "#crop"}, "up": {"uv": [10, 6, 14, 7], "texture": "#crop"}, "down": {"uv": [10, 8, 14, 9], "texture": "#crop"}}}, {"from": [15, 7, 2], "to": [16, 10, 6], "rotation": {"angle": 0, "axis": "y", "origin": [8, 9, 0]}, "faces": {"north": {"uv": [13, 6, 14, 9], "texture": "#crop"}, "east": {"uv": [10, 6, 14, 9], "texture": "#crop", "cullface": "east"}, "south": {"uv": [10, 6, 11, 9], "texture": "#crop"}, "up": {"uv": [10, 6, 14, 7], "rotation": 270, "texture": "#crop"}, "down": {"uv": [10, 8, 14, 9], "rotation": 90, "texture": "#crop"}}}, {"from": [10, 11, 2], "to": [14, 12, 6], "rotation": {"angle": 0, "axis": "y", "origin": [8, 9, 8]}, "faces": {"north": {"uv": [10, 5, 14, 6], "rotation": 180, "texture": "#crop"}, "east": {"uv": [13, 5, 14, 9], "rotation": 90, "texture": "#crop"}, "south": {"uv": [10, 8, 14, 9], "texture": "#crop"}, "west": {"uv": [10, 5, 11, 9], "rotation": 270, "texture": "#crop"}, "up": {"uv": [10, 5, 14, 9], "texture": "#crop"}}}, {"from": [2, 0, 10], "to": [6, 11, 14], "rotation": {"angle": 0, "axis": "y", "origin": [8, 9, 8]}, "faces": {"north": {"uv": [10, 5, 14, 16], "texture": "#crop"}, "east": {"uv": [10, 5, 14, 16], "texture": "#crop"}, "south": {"uv": [10, 5, 14, 16], "texture": "#crop"}, "west": {"uv": [10, 5, 14, 16], "texture": "#crop"}}}, {"from": [2, 5, 14], "to": [6, 11, 15], "rotation": {"angle": 0, "axis": "y", "origin": [8, 9, 8]}, "faces": {"east": {"uv": [13, 5, 14, 11], "texture": "#crop"}, "south": {"uv": [10, 5, 14, 11], "texture": "#crop"}, "west": {"uv": [10, 5, 11, 11], "texture": "#crop"}, "up": {"uv": [10, 5, 14, 6], "texture": "#crop"}, "down": {"uv": [10, 10, 14, 11], "texture": "#crop"}}}, {"from": [6, 5, 10], "to": [7, 11, 14], "rotation": {"angle": 0, "axis": "y", "origin": [8, 9, 8]}, "faces": {"north": {"uv": [13, 5, 14, 11], "texture": "#crop"}, "east": {"uv": [10, 5, 14, 11], "texture": "#crop"}, "south": {"uv": [10, 5, 11, 11], "texture": "#crop"}, "up": {"uv": [10, 5, 14, 6], "rotation": 270, "texture": "#crop"}, "down": {"uv": [10, 10, 14, 11], "rotation": 90, "texture": "#crop"}}}, {"from": [2, 5, 9], "to": [6, 11, 10], "rotation": {"angle": 0, "axis": "y", "origin": [8, 9, 8]}, "faces": {"north": {"uv": [10, 5, 14, 11], "texture": "#crop"}, "east": {"uv": [10, 5, 11, 11], "texture": "#crop"}, "west": {"uv": [13, 5, 14, 11], "texture": "#crop"}, "up": {"uv": [10, 5, 14, 6], "rotation": 180, "texture": "#crop"}, "down": {"uv": [10, 10, 14, 11], "rotation": 180, "texture": "#crop"}}}, {"from": [1, 5, 10], "to": [2, 11, 14], "rotation": {"angle": 0, "axis": "y", "origin": [8, 9, 8]}, "faces": {"north": {"uv": [10, 5, 11, 11], "texture": "#crop"}, "south": {"uv": [13, 5, 14, 11], "texture": "#crop"}, "west": {"uv": [10, 5, 14, 11], "texture": "#crop"}, "up": {"uv": [10, 5, 14, 6], "rotation": 90, "texture": "#crop"}, "down": {"uv": [10, 10, 14, 11], "rotation": 270, "texture": "#crop"}}}, {"from": [6, 6, 14], "to": [7, 10, 15], "rotation": {"angle": 0, "axis": "y", "origin": [8, 9, 8]}, "faces": {"east": {"uv": [14, 6, 15, 10], "texture": "#crop"}, "south": {"uv": [14, 6, 15, 10], "texture": "#crop"}, "up": {"uv": [14, 6, 15, 7], "rotation": 90, "texture": "#crop"}, "down": {"uv": [14, 9, 15, 10], "rotation": 270, "texture": "#crop"}}}, {"from": [6, 6, 9], "to": [7, 10, 10], "rotation": {"angle": 0, "axis": "y", "origin": [8, 9, 8]}, "faces": {"north": {"uv": [14, 6, 15, 10], "texture": "#crop"}, "east": {"uv": [14, 6, 15, 10], "texture": "#crop"}, "up": {"uv": [14, 6, 15, 7], "texture": "#crop"}, "down": {"uv": [14, 9, 15, 10], "texture": "#crop"}}}, {"from": [1, 6, 9], "to": [2, 10, 10], "rotation": {"angle": 0, "axis": "y", "origin": [8, 9, 8]}, "faces": {"north": {"uv": [14, 6, 15, 10], "texture": "#crop"}, "west": {"uv": [14, 6, 15, 10], "texture": "#crop"}, "up": {"uv": [14, 6, 15, 7], "rotation": 270, "texture": "#crop"}, "down": {"uv": [14, 9, 15, 10], "rotation": 90, "texture": "#crop"}}}, {"from": [1, 6, 14], "to": [2, 10, 15], "rotation": {"angle": 0, "axis": "y", "origin": [8, 9, 8]}, "faces": {"south": {"uv": [14, 6, 15, 10], "texture": "#crop"}, "west": {"uv": [14, 6, 15, 10], "texture": "#crop"}, "up": {"uv": [14, 6, 15, 7], "rotation": 180, "texture": "#crop"}, "down": {"uv": [14, 9, 15, 10], "rotation": 180, "texture": "#crop"}}}, {"from": [2, 7, 15], "to": [6, 10, 16], "rotation": {"angle": 0, "axis": "y", "origin": [8, 9, 8]}, "faces": {"east": {"uv": [13, 6, 14, 9], "texture": "#crop"}, "south": {"uv": [10, 6, 14, 9], "texture": "#crop", "cullface": "south"}, "west": {"uv": [10, 6, 11, 9], "texture": "#crop"}, "up": {"uv": [10, 6, 14, 7], "texture": "#crop"}, "down": {"uv": [10, 8, 14, 9], "texture": "#crop"}}}, {"from": [7, 7, 10], "to": [8, 10, 14], "rotation": {"angle": 0, "axis": "y", "origin": [8, 9, 8]}, "faces": {"north": {"uv": [13, 6, 14, 9], "texture": "#crop"}, "east": {"uv": [10, 6, 14, 9], "texture": "#crop"}, "south": {"uv": [10, 6, 11, 9], "texture": "#crop"}, "up": {"uv": [10, 6, 14, 7], "rotation": 270, "texture": "#crop"}, "down": {"uv": [10, 8, 14, 9], "rotation": 90, "texture": "#crop"}}}, {"from": [2, 7, 8], "to": [6, 10, 9], "rotation": {"angle": 0, "axis": "y", "origin": [8, 9, 8]}, "faces": {"north": {"uv": [10, 6, 14, 9], "texture": "#crop"}, "east": {"uv": [10, 6, 11, 9], "texture": "#crop"}, "west": {"uv": [13, 6, 14, 9], "texture": "#crop"}, "up": {"uv": [10, 6, 14, 7], "rotation": 180, "texture": "#crop"}, "down": {"uv": [10, 8, 14, 9], "rotation": 180, "texture": "#crop"}}}, {"from": [0, 7, 10], "to": [1, 10, 14], "rotation": {"angle": 0, "axis": "y", "origin": [8, 9, 8]}, "faces": {"north": {"uv": [10, 6, 11, 9], "texture": "#crop"}, "south": {"uv": [13, 6, 14, 9], "texture": "#crop"}, "west": {"uv": [10, 6, 14, 9], "texture": "#crop", "cullface": "west"}, "up": {"uv": [10, 6, 14, 7], "rotation": 90, "texture": "#crop"}, "down": {"uv": [10, 8, 14, 9], "rotation": 270, "texture": "#crop"}}}, {"from": [2, 11, 10], "to": [6, 12, 14], "rotation": {"angle": 0, "axis": "y", "origin": [8, 9, 8]}, "faces": {"north": {"uv": [10, 8, 14, 9], "texture": "#crop"}, "east": {"uv": [10, 5, 11, 9], "rotation": 270, "texture": "#crop"}, "south": {"uv": [10, 5, 14, 6], "rotation": 180, "texture": "#crop"}, "west": {"uv": [13, 5, 14, 9], "rotation": 90, "texture": "#crop"}, "up": {"uv": [10, 5, 14, 9], "rotation": 180, "texture": "#crop"}}}, {"from": [2, 0, 2], "to": [6, 13, 6], "rotation": {"angle": 0, "axis": "y", "origin": [8, 9, 8]}, "faces": {"north": {"uv": [2, 3, 6, 16], "texture": "#crop"}, "east": {"uv": [2, 3, 6, 16], "texture": "#crop"}, "south": {"uv": [2, 3, 6, 16], "texture": "#crop"}, "west": {"uv": [2, 3, 6, 16], "texture": "#crop"}}}, {"from": [2, 13, 2], "to": [6, 14, 6], "rotation": {"angle": 0, "axis": "y", "origin": [8, 9, 8]}, "faces": {"north": {"uv": [2, 6, 6, 7], "texture": "#crop"}, "east": {"uv": [2, 3, 3, 7], "rotation": 270, "texture": "#crop"}, "south": {"uv": [2, 3, 6, 4], "rotation": 180, "texture": "#crop"}, "west": {"uv": [5, 3, 6, 7], "rotation": 90, "texture": "#crop"}, "up": {"uv": [2, 3, 6, 7], "rotation": 180, "texture": "#crop"}}}, {"from": [2, 8, 1], "to": [6, 13, 2], "rotation": {"angle": 0, "axis": "y", "origin": [8, 9, 8]}, "faces": {"north": {"uv": [2, 3, 6, 8], "texture": "#crop"}, "east": {"uv": [2, 3, 3, 8], "texture": "#crop"}, "west": {"uv": [5, 3, 6, 8], "texture": "#crop"}, "up": {"uv": [2, 3, 6, 4], "rotation": 180, "texture": "#crop"}, "down": {"uv": [2, 7, 6, 8], "rotation": 180, "texture": "#crop"}}}, {"from": [1, 8, 2], "to": [2, 13, 6], "rotation": {"angle": 0, "axis": "y", "origin": [8, 9, 0]}, "faces": {"north": {"uv": [2, 3, 3, 8], "texture": "#crop"}, "south": {"uv": [5, 3, 6, 8], "texture": "#crop"}, "west": {"uv": [2, 3, 6, 8], "texture": "#crop"}, "up": {"uv": [2, 3, 6, 4], "rotation": 90, "texture": "#crop"}, "down": {"uv": [2, 7, 6, 8], "rotation": 270, "texture": "#crop"}}}, {"from": [2, 8, 6], "to": [6, 13, 7], "rotation": {"angle": 0, "axis": "y", "origin": [0, 9, 0]}, "faces": {"east": {"uv": [5, 3, 6, 8], "texture": "#crop"}, "south": {"uv": [2, 3, 6, 8], "texture": "#crop"}, "west": {"uv": [2, 3, 3, 8], "texture": "#crop"}, "up": {"uv": [2, 3, 6, 4], "texture": "#crop"}, "down": {"uv": [2, 7, 6, 8], "texture": "#crop"}}}, {"from": [6, 8, 2], "to": [7, 13, 6], "rotation": {"angle": 0, "axis": "y", "origin": [0, 9, 8]}, "faces": {"north": {"uv": [5, 3, 6, 8], "texture": "#crop"}, "east": {"uv": [2, 3, 6, 8], "texture": "#crop"}, "south": {"uv": [2, 3, 3, 8], "texture": "#crop"}, "up": {"uv": [2, 3, 6, 4], "rotation": 270, "texture": "#crop"}, "down": {"uv": [2, 7, 6, 8], "rotation": 90, "texture": "#crop"}}}, {"from": [2, 9, 0], "to": [6, 12, 1], "rotation": {"angle": 0, "axis": "y", "origin": [8, 9, 8]}, "faces": {"north": {"uv": [2, 4, 6, 7], "texture": "#crop", "cullface": "north"}, "east": {"uv": [2, 4, 3, 7], "texture": "#crop"}, "west": {"uv": [5, 4, 6, 7], "texture": "#crop"}, "up": {"uv": [2, 4, 6, 5], "rotation": 180, "texture": "#crop"}, "down": {"uv": [2, 6, 6, 7], "rotation": 180, "texture": "#crop"}}}, {"from": [0, 9, 2], "to": [1, 12, 6], "rotation": {"angle": 0, "axis": "y", "origin": [8, 9, 0]}, "faces": {"north": {"uv": [2, 4, 3, 7], "texture": "#crop"}, "south": {"uv": [5, 4, 6, 7], "texture": "#crop"}, "west": {"uv": [2, 4, 6, 7], "texture": "#crop", "cullface": "west"}, "up": {"uv": [2, 4, 6, 5], "rotation": 90, "texture": "#crop"}, "down": {"uv": [2, 6, 6, 7], "rotation": 270, "texture": "#crop"}}}, {"from": [2, 9, 7], "to": [6, 12, 8], "rotation": {"angle": 0, "axis": "y", "origin": [0, 9, 0]}, "faces": {"east": {"uv": [5, 4, 6, 7], "texture": "#crop"}, "south": {"uv": [2, 4, 6, 7], "texture": "#crop"}, "west": {"uv": [2, 4, 3, 7], "texture": "#crop"}, "up": {"uv": [2, 4, 6, 5], "texture": "#crop"}, "down": {"uv": [2, 6, 6, 7], "texture": "#crop"}}}, {"from": [7, 9, 2], "to": [8, 12, 6], "rotation": {"angle": 0, "axis": "y", "origin": [0, 9, 8]}, "faces": {"north": {"uv": [5, 4, 6, 7], "texture": "#crop"}, "east": {"uv": [2, 4, 6, 7], "texture": "#crop"}, "south": {"uv": [2, 4, 3, 7], "texture": "#crop"}, "up": {"uv": [2, 4, 6, 5], "rotation": 270, "texture": "#crop"}, "down": {"uv": [2, 6, 6, 7], "rotation": 90, "texture": "#crop"}}}, {"from": [1, 9, 1], "to": [2, 12, 2], "rotation": {"angle": 0, "axis": "y", "origin": [8, 9, 8]}, "faces": {"north": {"uv": [6, 4, 7, 7], "texture": "#crop"}, "west": {"uv": [6, 4, 7, 7], "texture": "#crop"}, "up": {"uv": [6, 4, 7, 5], "texture": "#crop"}, "down": {"uv": [6, 6, 7, 7], "texture": "#crop"}}}, {"from": [1, 9, 6], "to": [2, 12, 7], "rotation": {"angle": 0, "axis": "y", "origin": [8, 9, 0]}, "faces": {"south": {"uv": [6, 4, 7, 7], "texture": "#crop"}, "west": {"uv": [6, 4, 7, 7], "texture": "#crop"}, "up": {"uv": [6, 4, 7, 5], "rotation": 270, "texture": "#crop"}, "down": {"uv": [6, 6, 7, 7], "rotation": 90, "texture": "#crop"}}}, {"from": [6, 9, 6], "to": [7, 12, 7], "rotation": {"angle": 0, "axis": "y", "origin": [0, 9, 0]}, "faces": {"east": {"uv": [6, 4, 7, 7], "texture": "#crop"}, "south": {"uv": [6, 4, 7, 7], "texture": "#crop"}, "up": {"uv": [6, 4, 7, 5], "rotation": 180, "texture": "#crop"}, "down": {"uv": [6, 6, 7, 7], "rotation": 180, "texture": "#crop"}}}, {"from": [6, 9, 1], "to": [7, 12, 2], "rotation": {"angle": 0, "axis": "y", "origin": [0, 9, 8]}, "faces": {"north": {"uv": [6, 4, 7, 7], "texture": "#crop"}, "east": {"uv": [6, 4, 7, 7], "texture": "#crop"}, "up": {"uv": [6, 4, 7, 5], "rotation": 90, "texture": "#crop"}, "down": {"uv": [6, 6, 7, 7], "rotation": 270, "texture": "#crop"}}}, {"from": [10, 0, 10], "to": [14, 13, 14], "rotation": {"angle": 0, "axis": "y", "origin": [8, 9, 8]}, "faces": {"north": {"uv": [2, 3, 6, 16], "texture": "#crop"}, "east": {"uv": [2, 3, 6, 16], "texture": "#crop"}, "south": {"uv": [2, 3, 6, 16], "texture": "#crop"}, "west": {"uv": [2, 3, 6, 16], "texture": "#crop"}}}, {"from": [10, 13, 10], "to": [14, 14, 14], "rotation": {"angle": 0, "axis": "y", "origin": [8, 9, 8]}, "faces": {"north": {"uv": [2, 3, 6, 4], "rotation": 180, "texture": "#crop"}, "east": {"uv": [5, 3, 6, 7], "rotation": 90, "texture": "#crop"}, "south": {"uv": [2, 6, 6, 7], "texture": "#crop"}, "west": {"uv": [2, 3, 3, 7], "rotation": 270, "texture": "#crop"}, "up": {"uv": [2, 3, 6, 7], "texture": "#crop"}}}, {"from": [10, 8, 14], "to": [14, 13, 15], "rotation": {"angle": 0, "axis": "y", "origin": [8, 9, 8]}, "faces": {"east": {"uv": [5, 3, 6, 8], "texture": "#crop"}, "south": {"uv": [2, 3, 6, 8], "texture": "#crop"}, "west": {"uv": [2, 3, 3, 8], "texture": "#crop"}, "up": {"uv": [2, 3, 6, 4], "texture": "#crop"}, "down": {"uv": [2, 7, 6, 8], "texture": "#crop"}}}, {"from": [14, 8, 10], "to": [15, 13, 14], "rotation": {"angle": 0, "axis": "y", "origin": [8, 9, 8]}, "faces": {"north": {"uv": [5, 3, 6, 8], "texture": "#crop"}, "east": {"uv": [2, 3, 6, 8], "texture": "#crop"}, "south": {"uv": [2, 3, 3, 8], "texture": "#crop"}, "up": {"uv": [2, 3, 6, 4], "rotation": 270, "texture": "#crop"}, "down": {"uv": [2, 7, 6, 8], "rotation": 90, "texture": "#crop"}}}, {"from": [10, 8, 9], "to": [14, 13, 10], "rotation": {"angle": 0, "axis": "y", "origin": [8, 9, 8]}, "faces": {"north": {"uv": [2, 3, 6, 8], "texture": "#crop"}, "east": {"uv": [2, 3, 3, 8], "texture": "#crop"}, "west": {"uv": [5, 3, 6, 8], "texture": "#crop"}, "up": {"uv": [2, 3, 6, 4], "rotation": 180, "texture": "#crop"}, "down": {"uv": [2, 7, 6, 8], "rotation": 180, "texture": "#crop"}}}, {"from": [9, 8, 10], "to": [10, 13, 14], "rotation": {"angle": 0, "axis": "y", "origin": [8, 9, 8]}, "faces": {"north": {"uv": [2, 3, 3, 8], "texture": "#crop"}, "south": {"uv": [5, 3, 6, 8], "texture": "#crop"}, "west": {"uv": [2, 3, 6, 8], "texture": "#crop"}, "up": {"uv": [2, 3, 6, 4], "rotation": 90, "texture": "#crop"}, "down": {"uv": [2, 7, 6, 8], "rotation": 270, "texture": "#crop"}}}, {"from": [10, 9, 15], "to": [14, 12, 16], "rotation": {"angle": 0, "axis": "y", "origin": [8, 9, 8]}, "faces": {"east": {"uv": [5, 4, 6, 7], "texture": "#crop"}, "south": {"uv": [2, 4, 6, 7], "texture": "#crop", "cullface": "south"}, "west": {"uv": [2, 4, 3, 7], "texture": "#crop"}, "up": {"uv": [2, 4, 6, 5], "texture": "#crop"}, "down": {"uv": [2, 6, 6, 7], "texture": "#crop"}}}, {"from": [15, 9, 10], "to": [16, 12, 14], "rotation": {"angle": 0, "axis": "y", "origin": [8, 9, 8]}, "faces": {"north": {"uv": [5, 4, 6, 7], "texture": "#crop"}, "east": {"uv": [2, 4, 6, 7], "texture": "#crop", "cullface": "east"}, "south": {"uv": [2, 4, 3, 7], "texture": "#crop"}, "up": {"uv": [2, 4, 6, 5], "rotation": 270, "texture": "#crop"}, "down": {"uv": [2, 6, 6, 7], "rotation": 90, "texture": "#crop"}}}, {"from": [10, 9, 8], "to": [14, 12, 9], "rotation": {"angle": 0, "axis": "y", "origin": [8, 9, 8]}, "faces": {"north": {"uv": [2, 4, 6, 7], "texture": "#crop"}, "east": {"uv": [2, 4, 3, 7], "texture": "#crop"}, "west": {"uv": [5, 4, 6, 7], "texture": "#crop"}, "up": {"uv": [2, 4, 6, 5], "rotation": 180, "texture": "#crop"}, "down": {"uv": [2, 6, 6, 7], "rotation": 180, "texture": "#crop"}}}, {"from": [8, 9, 10], "to": [9, 12, 14], "rotation": {"angle": 0, "axis": "y", "origin": [8, 9, 8]}, "faces": {"north": {"uv": [2, 4, 3, 7], "texture": "#crop"}, "south": {"uv": [5, 4, 6, 7], "texture": "#crop"}, "west": {"uv": [2, 4, 6, 7], "texture": "#crop"}, "up": {"uv": [2, 4, 6, 5], "rotation": 90, "texture": "#crop"}, "down": {"uv": [2, 6, 6, 7], "rotation": 270, "texture": "#crop"}}}, {"from": [14, 9, 14], "to": [15, 12, 15], "rotation": {"angle": 0, "axis": "y", "origin": [8, 9, 8]}, "faces": {"east": {"uv": [6, 4, 7, 7], "texture": "#crop"}, "south": {"uv": [6, 4, 7, 7], "texture": "#crop"}, "up": {"uv": [6, 4, 7, 5], "rotation": 180, "texture": "#crop"}, "down": {"uv": [6, 6, 7, 7], "rotation": 180, "texture": "#crop"}}}, {"from": [14, 9, 9], "to": [15, 12, 10], "rotation": {"angle": 0, "axis": "y", "origin": [8, 9, 8]}, "faces": {"north": {"uv": [6, 4, 7, 7], "texture": "#crop"}, "east": {"uv": [6, 4, 7, 7], "texture": "#crop"}, "up": {"uv": [6, 4, 7, 5], "rotation": 90, "texture": "#crop"}, "down": {"uv": [6, 6, 7, 7], "rotation": 270, "texture": "#crop"}}}, {"from": [9, 9, 9], "to": [10, 12, 10], "rotation": {"angle": 0, "axis": "y", "origin": [8, 9, 8]}, "faces": {"north": {"uv": [6, 4, 7, 7], "texture": "#crop"}, "west": {"uv": [6, 4, 7, 7], "texture": "#crop"}, "up": {"uv": [6, 4, 7, 5], "texture": "#crop"}, "down": {"uv": [6, 6, 7, 7], "texture": "#crop"}}}, {"from": [9, 9, 14], "to": [10, 12, 15], "rotation": {"angle": 0, "axis": "y", "origin": [8, 9, 8]}, "faces": {"south": {"uv": [6, 4, 7, 7], "texture": "#crop"}, "west": {"uv": [6, 4, 7, 7], "texture": "#crop"}, "up": {"uv": [6, 4, 7, 5], "rotation": 270, "texture": "#crop"}, "down": {"uv": [6, 6, 7, 7], "rotation": 90, "texture": "#crop"}}}], "groups": [{"name": "small", "origin": [8, 8, 8], "children": [{"name": "1", "origin": [8, 8, 8], "children": [0, 1, 2, 3, 4, 5, 6, 7, 8, 9, 10, 11, 12, 13]}, {"name": "2", "origin": [8, 8, 8], "children": [14, 15, 16, 17, 18, 19, 20, 21, 22, 23, 24, 25, 26, 27]}]}, {"name": "large", "origin": [8, 8, 8], "children": [{"name": "1", "origin": [8, 8, 8], "children": [28, 29, 30, 31, 32, 33, 34, 35, 36, 37, 38, 39, 40, 41]}, {"name": "2", "origin": [8, 8, 8], "children": [42, 43, 44, 45, 46, 47, 48, 49, 50, 51, 52, 53, 54, 55]}]}]}