{"parent": "minecraft:block/pointed_dripstone", "textures": {"1": "block/dripstone_block", "particle": "block/dripstone_block", "cross": "block/pointed_dripstone_down_base"}, "elements": [{"from": [2, 0, 2], "to": [14, 1, 14], "faces": {"north": {"uv": [2, 15, 14, 16], "texture": "#cross"}, "east": {"uv": [2, 15, 14, 16], "texture": "#cross"}, "south": {"uv": [14, 15, 2, 16], "texture": "#cross"}, "west": {"uv": [14, 15, 2, 16], "texture": "#cross"}}}, {"from": [2, 1, 2], "to": [15, 2, 15], "faces": {"north": {"uv": [1, 14, 14, 15], "texture": "#cross"}, "east": {"uv": [1, 14, 14, 15], "texture": "#cross"}, "south": {"uv": [14, 14, 1, 15], "texture": "#cross"}, "west": {"uv": [14, 14, 1, 15], "texture": "#cross"}, "down": {"uv": [2, 1, 15, 14], "texture": "#1"}}}, {"from": [1, 2, 1], "to": [15, 11, 15], "faces": {"north": {"uv": [1, 5, 15, 14], "texture": "#cross"}, "east": {"uv": [1, 5, 15, 14], "texture": "#cross"}, "south": {"uv": [15, 5, 1, 14], "texture": "#cross"}, "west": {"uv": [15, 5, 1, 14], "texture": "#cross"}, "down": {"uv": [1, 1, 15, 15], "texture": "#1"}}}, {"from": [1, 11, 1], "to": [16, 12, 16], "faces": {"north": {"uv": [0, 4, 15, 5], "texture": "#cross"}, "east": {"uv": [0, 4, 15, 5], "texture": "#cross"}, "south": {"uv": [15, 4, 0, 5], "texture": "#cross"}, "west": {"uv": [15, 4, 0, 5], "texture": "#cross"}, "down": {"uv": [1, 0, 16, 16], "texture": "#1"}}}, {"from": [0, 12, 0], "to": [16, 16, 16], "faces": {"north": {"uv": [0, 0, 16, 4], "texture": "#cross"}, "east": {"uv": [0, 0, 16, 4], "texture": "#cross"}, "south": {"uv": [16, 0, 0, 4], "texture": "#cross"}, "west": {"uv": [16, 0, 0, 4], "texture": "#cross"}, "up": {"uv": [0, 0, 16, 16], "texture": "#1"}, "down": {"uv": [0, 0, 16, 16], "texture": "#1"}}}]}