{
	"credit": "by ZiYun",
	"parent": "minecraft:block/tinted_cross",
	"textures": {
		"cross": "block/tall_grass_bottom",
		"particle": "block/tall_grass_bottom"
	},
	"elements": [
		{
			"from": [8, 0, 0.8],
			"to": [8, 7, 15.2],
			"shade": false,
			"rotation": {"angle": 45, "axis": "y", "origin": [8, 8, 8], "rescale": true},
			"faces": {
				"east": {"uv": [0, 0, 16, 7], "texture": "#cross", "tintindex": 0},
				"west": {"uv": [0, 0, 16, 7], "texture": "#cross", "tintindex": 0}
			}
		},
		{
			"from": [0.8, 0, 8],
			"to": [15.2, 7, 8],
			"shade": false,
			"rotation": {"angle": 45, "axis": "y", "origin": [8, 8, 8], "rescale": true},
			"faces": {
				"north": {"uv": [0, 0, 16, 7], "texture": "#cross", "tintindex": 0},
				"south": {"uv": [0, 0, 16, 7], "texture": "#cross", "tintindex": 0}
			}
		}
	]
}